<?xml version="1.0" encoding="UTF-8"?>
<module relativePaths="true" type="JAVA_MODULE" version="4">
    <component name="NewModuleRootManager" inherit-compiler-output="true">
        <orderEntry type="jdk" jdkName="1.6" jdkType="JavaSDK" />
        <orderEntry type="sourceFolder" forTests="false" />
        <exclude-output />
        <content url="file://$MODULE_DIR$">
            <sourceFolder url="file://$MODULE_DIR$/app" isTestSource="false" />
            <sourceFolder url="file://$MODULE_DIR$/test" isTestSource="true" />
        </content>
        %LINKS%
        <orderEntry type="inheritedJdk" />
        <orderEntry type="module-library">
            <library name="Project Libraries">
                <CLASSES>
                    %MODULE_LIB_CLASSES%
                    %MODULE_LINKS%
                </CLASSES>
                <JAVADOC />
                <SOURCES />
                <jarDirectory url="file://$MODULE_DIR$/lib" recursive="false" />
                %MODULE_LIBRARIES%
            </library>
        </orderEntry>
        <orderEntry type="module-library">
            <library name="PlayFramework Dependencies">
                <CLASSES>
                    <root url="file://%PLAYHOME%/framework/lib" />
                </CLASSES>
                <JAVADOC />
                <SOURCES />
                <jarDirectory url="file://%PLAYHOME%/framework/lib" recursive="false" />
            </library>
        </orderEntry>
        <orderEntry type="module-library">
            <library>
                <CLASSES>
                    <root url="jar://%PLAYHOME%/framework/play-%PLAYVERSION%.jar!/" />
                </CLASSES>
                <JAVADOC />
                <SOURCES>
                    <root url="file://%PLAYHOME%/framework/src" />
                </SOURCES>
            </library>
        </orderEntry>
    </component>
</module>
